"","wage","hours","IQ","educ","exper","tenure","age","married","urban","sibs","birth.order","mother.educ","father.educ"
"1",769,40,93,12,11,2,31,"Yes","Yes",1,2,8,8
"2",808,50,119,18,11,16,37,"Yes","Yes",1,NA,14,14
"3",825,40,108,14,11,9,33,"Yes","Yes",1,2,14,14
"4",650,40,96,12,13,7,32,"Yes","Yes",4,3,12,12
"5",562,40,74,11,14,5,34,"Yes","Yes",10,6,6,11
"6",1400,40,116,16,14,2,35,"Yes","Yes",1,2,8,NA
"7",600,40,91,10,13,0,30,"No","Yes",1,2,8,8
"8",1081,40,114,18,8,14,38,"Yes","Yes",2,3,8,NA
"9",1154,45,111,15,13,1,36,"Yes","No",2,3,14,5
"10",1000,40,95,12,16,16,36,"Yes","Yes",1,1,12,11
"11",930,43,132,18,8,13,38,"Yes","No",1,1,13,14
"12",921,38,102,14,9,11,33,"Yes","No",1,2,16,NA
"13",900,45,125,15,4,3,30,"No","No",2,NA,12,12
"14",1318,38,119,16,7,2,28,"Yes","Yes",3,1,10,10
"15",1792,40,118,16,9,9,34,"Yes","Yes",1,1,12,12
"16",958,50,105,10,17,2,35,"Yes","Yes",1,2,6,8
"17",1360,45,109,15,6,9,36,"Yes","Yes",3,3,12,10
"18",850,40,72,11,19,10,38,"Yes","Yes",2,3,10,8
"19",830,44,105,14,4,7,29,"Yes","Yes",3,1,12,NA
"20",471,44,101,12,13,7,31,"Yes","Yes",3,2,8,NA
"21",1275,40,123,14,9,1,31,"Yes","Yes",0,1,12,NA
"22",1615,50,113,16,10,4,36,"Yes","Yes",2,1,12,12
"23",873,65,95,12,14,3,38,"Yes","Yes",5,1,10,10
"24",2137,45,145,16,17,8,38,"Yes","Yes",2,1,12,12
"25",1053,38,114,16,12,7,32,"Yes","Yes",0,1,11,11
"26",1602,60,124,16,8,9,29,"Yes","Yes",3,1,16,16
"27",1188,40,93,13,16,5,35,"Yes","Yes",2,1,12,8
"28",800,40,115,18,11,1,35,"Yes","Yes",0,1,8,8
"29",1417,48,125,17,9,4,34,"Yes","Yes",3,1,13,12
"30",635,40,128,18,8,13,36,"No","Yes",2,1,16,16
"31",1000,40,103,12,17,2,34,"Yes","Yes",1,1,8,NA
"32",1424,50,98,14,15,4,35,"Yes","Yes",1,1,12,12
"33",2668,75,108,13,12,2,32,"Yes","Yes",1,2,12,12
"34",666,75,129,18,8,12,38,"Yes","No",2,1,18,18
"35",1779,40,132,17,8,9,32,"Yes","Yes",1,1,17,14
"36",782,40,92,13,9,10,31,"Yes","Yes",3,3,8,NA
"37",1572,35,108,14,7,5,28,"Yes","Yes",1,NA,12,8
"38",1274,40,106,13,11,12,31,"Yes","Yes",0,1,15,12
"39",714,35,105,16,9,2,29,"Yes","Yes",1,2,13,12
"40",1081,40,123,18,11,7,36,"Yes","No",1,1,12,12
"41",692,40,108,12,21,11,38,"Yes","Yes",3,1,8,7
"42",1318,38,122,17,10,9,33,"Yes","Yes",1,NA,12,8
"43",1239,45,109,12,16,4,38,"Yes","Yes",3,3,12,NA
"44",1027,27,100,13,12,15,38,"Yes","Yes",3,3,10,9
"45",1748,55,125,18,12,12,34,"Yes","Yes",1,2,14,15
"46",981,40,122,14,9,15,35,"No","Yes",3,2,12,NA
"47",770,40,105,17,7,11,30,"Yes","Yes",3,1,12,12
"48",1154,50,94,16,11,5,33,"Yes","Yes",1,NA,12,12
"49",1155,40,102,12,16,5,34,"Yes","Yes",1,2,12,NA
"50",808,60,109,13,14,12,38,"Yes","Yes",2,2,12,10
"51",1100,40,105,12,22,14,38,"Yes","Yes",1,1,12,12
"52",1154,40,134,18,10,10,37,"Yes","Yes",2,1,12,12
"53",1749,40,108,12,13,9,29,"No","Yes",7,1,12,9
"54",1000,50,104,16,11,8,30,"Yes","Yes",1,1,12,11
"55",462,40,112,12,11,1,29,"Yes","Yes",8,3,12,NA
"56",769,55,120,18,8,12,32,"No","Yes",1,1,11,8
"57",875,50,124,16,9,3,31,"No","No",2,2,17,16
"58",1375,40,103,12,12,7,29,"Yes","Yes",4,2,12,10
"59",1452,45,115,17,1,7,30,"Yes","Yes",3,1,12,14
"60",800,40,96,12,17,12,35,"Yes","Yes",1,2,6,8
"61",1748,55,123,17,10,7,36,"Yes","Yes",1,1,12,12
"62",1151,40,98,12,12,12,29,"Yes","Yes",3,4,12,8
"63",840,50,96,12,18,13,35,"Yes","Yes",2,1,12,8
"64",978,45,89,12,17,2,38,"Yes","Yes",0,1,12,NA
"65",963,40,109,12,15,15,37,"No","No",5,NA,NA,7
"66",619,42,93,12,10,10,28,"No","Yes",8,NA,9,11
"67",442,60,82,12,12,0,33,"Yes","Yes",2,3,12,9
"68",600,40,120,15,12,1,38,"Yes","No",3,4,12,NA
"69",1366,38,122,12,15,15,32,"Yes","Yes",1,2,12,NA
"70",1643,48,117,18,8,2,33,"Yes","Yes",2,2,12,18
"71",1455,40,109,16,8,13,36,"Yes","Yes",1,2,8,8
"72",2310,40,114,18,12,7,38,"Yes","Yes",2,NA,12,16
"73",1682,45,126,16,10,11,31,"Yes","Yes",1,1,12,16
"74",1235,40,82,12,10,2,33,"Yes","Yes",1,1,11,11
"75",855,45,119,16,11,4,32,"Yes","Yes",3,1,12,9
"76",1072,42,104,16,6,8,35,"Yes","Yes",2,2,12,6
"77",1040,40,115,15,8,15,35,"Yes","Yes",3,4,NA,11
"78",1000,50,97,12,17,15,36,"Yes","Yes",1,2,12,12
"79",675,40,105,15,8,2,31,"Yes","No",3,NA,14,12
"80",1100,37,100,12,14,1,30,"Yes","Yes",1,2,7,7
"81",996,50,114,12,5,14,31,"Yes","Yes",2,1,12,10
"82",732,40,73,10,17,5,36,"Yes","Yes",5,6,NA,NA
"83",1200,40,96,11,15,3,37,"Yes","Yes",4,3,8,8
"84",1694,30,113,15,9,8,29,"No","Yes",3,1,12,16
"85",686,55,106,10,15,3,36,"Yes","Yes",4,5,14,10
"86",754,40,104,13,9,5,32,"Yes","Yes",1,2,8,NA
"87",857,35,80,10,14,15,33,"Yes","Yes",2,1,NA,12
"88",832,50,104,13,4,2,30,"Yes","Yes",1,2,12,8
"89",579,44,122,13,8,1,30,"Yes","No",4,1,16,16
"90",672,61,96,12,13,3,34,"Yes","Yes",2,NA,12,13
"91",2500,40,95,15,12,9,36,"Yes","Yes",3,1,16,16
"92",1076,45,105,12,5,8,31,"No","Yes",1,1,16,17
"93",750,40,94,12,16,3,37,"Yes","Yes",7,3,8,8
"94",1186,30,91,17,8,9,33,"Yes","Yes",1,1,12,14
"95",833,48,96,16,9,7,31,"Yes","Yes",4,4,12,14
"96",650,40,69,12,14,11,30,"Yes","Yes",3,4,10,9
"97",1250,46,110,12,5,16,38,"Yes","No",1,1,NA,12
"98",1122,48,111,15,12,9,31,"Yes","Yes",3,1,9,12
"99",865,40,110,16,1,11,31,"Yes","Yes",3,1,9,12
"100",808,40,97,16,10,7,29,"Yes","Yes",3,3,9,12
"101",1299,60,125,18,6,12,35,"No","Yes",1,2,8,8
"102",903,40,91,12,6,12,36,"Yes","Yes",5,4,9,10
"103",900,40,86,12,17,15,37,"Yes","Yes",5,3,8,10
"104",625,40,110,12,18,0,35,"Yes","Yes",4,1,9,8
"105",1586,40,92,14,16,1,36,"Yes","Yes",4,4,12,NA
"106",962,40,85,10,15,16,38,"Yes","Yes",1,2,9,12
"107",1539,45,120,17,7,8,34,"Yes","Yes",1,1,8,8
"108",1110,52,106,12,11,6,33,"Yes","No",5,2,12,12
"109",1282,45,112,16,6,6,31,"No","Yes",2,2,12,12
"110",770,48,91,12,13,2,38,"Yes","Yes",1,2,10,8
"111",1000,45,90,12,16,0,38,"Yes","Yes",6,3,10,12
"112",895,40,86,9,17,16,38,"Yes","No",2,NA,NA,12
"113",1205,40,86,10,13,0,32,"Yes","Yes",5,5,8,NA
"114",750,40,113,12,11,10,29,"Yes","No",1,NA,12,12
"115",654,50,111,13,5,16,38,"Yes","Yes",3,3,12,9
"116",601,48,111,12,15,3,33,"Yes","Yes",0,1,12,12
"117",600,40,106,13,10,11,28,"Yes","Yes",6,NA,8,7
"118",433,40,98,12,11,10,30,"No","Yes",1,1,12,11
"119",1188,40,105,12,11,7,30,"Yes","Yes",3,1,12,10
"120",635,40,105,12,15,15,33,"Yes","No",2,2,10,NA
"121",1225,40,118,13,9,14,32,"Yes","Yes",0,1,12,9
"122",1151,45,90,12,19,19,36,"Yes","Yes",1,1,12,8
"123",865,40,95,12,15,11,32,"No","Yes",3,1,9,8
"124",1031,40,112,14,9,5,29,"Yes","Yes",4,2,12,12
"125",1049,55,120,12,9,11,32,"Yes","Yes",3,2,12,10
"126",1000,45,123,12,12,1,29,"Yes","Yes",3,3,12,10
"127",1105,40,103,13,10,11,30,"Yes","Yes",1,1,16,15
"128",1924,50,121,18,11,7,35,"Yes","Yes",3,1,16,18
"129",1346,40,90,16,9,16,38,"Yes","Yes",1,1,12,12
"130",809,65,125,12,11,10,29,"Yes","Yes",0,1,12,12
"131",1495,45,109,18,10,3,32,"Yes","Yes",3,1,9,8
"132",1346,50,128,16,10,1,33,"No","No",3,1,10,9
"133",1200,40,97,12,10,4,31,"Yes","Yes",3,1,12,12
"134",500,40,96,12,6,0,33,"Yes","Yes",4,4,12,12
"135",1325,45,97,12,12,5,28,"Yes","Yes",1,2,12,8
"136",900,40,78,12,16,5,33,"Yes","Yes",4,1,7,6
"137",800,40,112,12,15,3,34,"Yes","Yes",6,4,7,NA
"138",800,40,88,12,16,7,38,"Yes","Yes",3,2,2,5
"139",1034,40,97,12,15,16,36,"Yes","Yes",14,10,14,11
"140",980,40,101,12,4,12,36,"Yes","Yes",1,NA,6,9
"141",884,40,106,10,19,12,34,"Yes","Yes",2,1,7,10
"142",480,40,59,10,11,5,34,"No","Yes",0,1,8,6
"143",923,40,105,18,7,14,34,"Yes","Yes",1,1,12,12
"144",513,45,119,17,8,5,31,"No","Yes",1,1,12,8
"145",1105,40,93,11,17,16,37,"No","Yes",2,2,8,8
"146",1193,50,82,12,19,10,36,"Yes","Yes",0,1,12,NA
"147",2771,50,134,18,6,7,34,"Yes","Yes",4,3,16,16
"148",779,40,84,12,9,6,30,"Yes","Yes",0,1,8,12
"149",950,60,98,11,13,6,31,"Yes","Yes",2,1,12,12
"150",1394,40,118,16,11,8,30,"Yes","No",2,1,13,12
"151",1495,45,113,17,13,9,33,"Yes","Yes",3,3,12,8
"152",650,40,100,12,4,3,28,"Yes","Yes",6,2,9,11
"153",670,40,93,13,9,5,29,"Yes","Yes",2,NA,12,12
"154",1126,40,119,16,5,8,32,"Yes","Yes",1,1,12,10
"155",450,64,67,12,11,1,33,"No","Yes",6,1,11,4
"156",1028,40,111,12,19,12,37,"Yes","Yes",3,4,12,NA
"157",2404,50,106,15,8,0,32,"Yes","Yes",2,1,12,12
"158",1899,40,127,18,9,14,36,"No","Yes",0,1,10,NA
"159",757,40,113,16,10,9,33,"Yes","Yes",2,1,12,12
"160",1250,40,115,14,9,1,29,"Yes","Yes",2,2,12,12
"161",1162,48,102,16,8,11,31,"Yes","Yes",3,2,12,NA
"162",1025,40,85,15,9,13,29,"Yes","Yes",6,1,14,12
"163",1100,50,117,16,11,12,32,"Yes","No",0,1,12,10
"164",714,35,125,16,7,5,28,"Yes","Yes",4,1,10,10
"165",1318,35,118,16,16,17,37,"Yes","No",1,1,8,12
"166",1411,45,121,18,14,3,38,"Yes","Yes",3,2,12,16
"167",2162,40,115,17,4,4,38,"Yes","Yes",1,1,12,12
"168",1273,55,120,14,11,16,36,"Yes","No",1,1,12,NA
"169",1140,48,109,12,16,15,35,"Yes","Yes",2,2,11,6
"170",578,40,109,13,7,4,30,"No","Yes",1,NA,12,11
"171",942,40,85,12,7,10,38,"Yes","Yes",4,5,NA,NA
"172",1058,40,85,12,17,8,38,"Yes","No",4,1,12,NA
"173",750,40,106,14,9,9,29,"Yes","Yes",1,2,11,10
"174",1000,60,101,12,11,6,30,"Yes","Yes",3,1,10,10
"175",951,60,116,12,9,7,30,"Yes","Yes",4,5,12,9
"176",635,47,91,12,13,2,31,"Yes","Yes",2,2,7,7
"177",1250,40,91,12,13,1,34,"Yes","Yes",3,1,11,5
"178",675,40,110,12,6,15,34,"Yes","Yes",2,1,7,NA
"179",400,40,75,12,11,6,32,"Yes","Yes",4,NA,7,12
"180",577,50,94,12,9,8,29,"Yes","Yes",2,NA,12,8
"181",590,40,109,13,10,7,29,"Yes","No",2,2,12,12
"182",923,50,122,16,10,10,31,"Yes","No",1,2,8,8
"183",1250,50,102,12,6,2,32,"No","Yes",4,2,11,8
"184",1100,40,122,14,11,8,33,"Yes","Yes",2,3,8,10
"185",1130,50,105,12,18,2,37,"Yes","Yes",4,2,10,10
"186",652,50,113,12,14,4,36,"No","Yes",1,2,9,9
"187",618,42,104,12,6,2,30,"Yes","Yes",3,2,8,12
"188",962,50,124,16,7,14,34,"Yes","Yes",2,2,9,11
"189",529,40,110,13,14,11,32,"Yes","No",1,1,12,8
"190",817,40,95,12,16,14,33,"Yes","No",2,1,12,12
"191",962,40,120,16,8,9,32,"Yes","No",0,1,18,NA
"192",840,40,105,12,19,15,38,"Yes","No",3,1,12,8
"193",866,40,121,16,7,4,28,"Yes","No",1,NA,12,12
"194",2404,50,96,14,1,1,36,"Yes","Yes",5,5,8,10
"195",1126,40,110,12,16,2,32,"Yes","Yes",6,1,9,12
"196",1160,40,92,12,8,8,31,"Yes","No",4,1,12,11
"197",723,40,98,12,15,5,38,"Yes","Yes",1,1,9,NA
"198",1778,40,109,16,14,13,36,"Yes","Yes",0,1,11,12
"199",1903,48,118,18,13,5,36,"Yes","No",0,1,11,11
"200",1010,40,97,18,7,14,34,"Yes","Yes",4,5,14,NA
"201",971,40,95,17,5,11,37,"Yes","Yes",1,2,16,8
"202",525,40,99,12,9,2,34,"Yes","Yes",2,1,10,8
"203",525,40,106,12,12,13,30,"Yes","No",1,1,10,12
"204",670,45,117,12,10,3,30,"Yes","No",5,2,12,NA
"205",500,45,90,12,19,4,37,"Yes","No",0,1,12,6
"206",1058,45,98,14,14,15,34,"Yes","No",2,3,NA,NA
"207",550,46,95,12,18,15,35,"Yes","Yes",1,1,12,11
"208",500,45,115,12,14,1,32,"Yes","Yes",1,2,12,11
"209",727,55,106,15,10,5,31,"No","Yes",1,NA,12,12
"210",865,40,114,12,6,8,30,"Yes","No",2,3,8,8
"211",1081,40,92,13,8,2,30,"Yes","Yes",3,4,12,10
"212",1304,45,119,17,9,9,31,"Yes","No",1,1,13,12
"213",575,40,85,13,6,1,30,"Yes","No",1,2,13,12
"214",623,45,98,16,7,1,30,"Yes","No",3,1,12,12
"215",515,45,114,13,8,10,28,"Yes","No",3,2,12,12
"216",1273,55,84,18,14,4,37,"Yes","Yes",1,1,8,12
"217",990,40,108,13,13,9,33,"Yes","No",4,1,16,16
"218",600,40,107,12,16,6,33,"Yes","No",5,6,8,4
"219",1160,40,84,12,17,2,38,"Yes","No",4,2,16,12
"220",500,55,86,12,11,9,29,"Yes","No",5,5,10,12
"221",795,45,88,12,17,18,35,"Yes","No",2,2,10,12
"222",500,50,97,11,20,3,37,"Yes","No",2,1,NA,NA
"223",740,50,84,10,23,13,38,"Yes","No",5,1,NA,9
"224",1250,40,117,16,10,7,33,"Yes","Yes",1,1,12,14
"225",1014,55,110,16,13,9,30,"No","Yes",1,2,12,14
"226",1250,32,104,13,13,3,33,"Yes","Yes",3,3,9,NA
"227",913,40,110,14,4,13,29,"Yes","Yes",3,4,9,NA
"228",1346,40,99,16,9,8,30,"Yes","Yes",2,NA,11,12
"229",445,40,80,10,19,0,38,"Yes","No",5,5,NA,NA
"230",265,40,101,12,18,2,37,"Yes","Yes",1,2,NA,NA
"231",1250,40,117,14,7,1,28,"Yes","Yes",1,2,12,12
"232",1607,56,108,13,7,9,36,"Yes","Yes",2,1,NA,NA
"233",1452,35,69,16,12,15,38,"Yes","Yes",7,6,10,10
"234",1391,50,109,12,14,8,32,"Yes","Yes",1,2,11,9
"235",821,45,85,16,8,2,32,"Yes","Yes",5,6,8,8
"236",794,40,114,16,9,7,29,"Yes","Yes",1,2,11,9
"237",500,30,90,13,10,1,38,"Yes","No",4,3,NA,NA
"238",520,50,107,18,6,3,29,"Yes","No",10,1,12,14
"239",1730,50,117,18,12,12,37,"Yes","Yes",1,2,12,8
"240",1924,50,112,18,9,10,38,"Yes","Yes",6,1,16,18
"241",1155,60,106,18,10,2,37,"Yes","Yes",3,3,14,18
"242",2162,40,116,15,9,4,31,"Yes","Yes",2,1,12,17
"243",923,50,123,14,8,7,31,"Yes","Yes",1,2,8,NA
"244",1115,40,118,16,12,13,33,"Yes","Yes",1,1,8,NA
"245",449,36,91,12,7,2,30,"No","Yes",1,NA,NA,NA
"246",1500,40,103,12,10,11,34,"Yes","Yes",2,3,12,7
"247",826,40,114,14,20,3,37,"Yes","Yes",4,4,8,6
"248",937,40,102,12,16,8,35,"Yes","Yes",3,2,12,6
"249",978,48,104,12,19,15,36,"Yes","Yes",5,6,6,NA
"250",1031,40,112,14,14,12,33,"No","Yes",6,6,14,12
"251",1272,40,107,12,10,1,30,"Yes","Yes",4,3,12,12
"252",1136,50,117,14,16,12,34,"Yes","Yes",2,3,12,12
"253",800,45,110,12,19,12,36,"Yes","Yes",7,8,NA,NA
"254",1339,38,96,12,8,9,33,"Yes","Yes",0,1,12,11
"255",1063,40,90,12,14,12,32,"Yes","Yes",2,2,8,12
"256",935,44,97,12,10,6,29,"Yes","Yes",2,2,8,7
"257",808,40,99,12,18,13,38,"Yes","Yes",0,1,9,8
"258",375,40,99,10,12,2,30,"Yes","No",3,2,8,5
"259",537,40,97,12,14,8,31,"No","Yes",2,1,11,NA
"260",1082,55,95,12,11,4,29,"Yes","Yes",2,2,11,NA
"261",930,40,126,14,10,1,31,"No","Yes",3,NA,8,NA
"262",1155,40,109,17,13,4,38,"Yes","No",3,3,12,8
"263",548,40,86,11,7,0,33,"Yes","Yes",5,2,11,NA
"264",622,45,119,16,12,1,33,"Yes","Yes",0,1,12,12
"265",841,40,102,16,10,1,29,"Yes","Yes",3,1,12,12
"266",769,55,105,18,7,15,38,"No","Yes",2,3,9,5
"267",587,38,117,17,8,5,29,"Yes","No",3,3,12,NA
"268",1924,45,112,16,17,18,38,"Yes","Yes",1,1,12,12
"269",1058,40,89,12,7,3,29,"Yes","Yes",2,NA,8,6
"270",417,48,131,12,7,1,28,"No","Yes",1,2,12,6
"271",1202,48,114,16,6,6,28,"Yes","Yes",3,3,16,16
"272",1154,40,98,14,18,2,37,"Yes","Yes",1,NA,10,14
"273",1070,40,124,13,4,9,32,"Yes","Yes",0,1,NA,NA
"274",1202,40,125,14,10,11,29,"Yes","Yes",2,3,12,12
"275",711,45,100,18,13,3,36,"Yes","Yes",1,NA,10,16
"276",1202,40,84,14,6,5,31,"Yes","Yes",2,1,11,9
"277",850,43,113,12,7,3,28,"Yes","Yes",1,2,8,12
"278",1000,40,102,16,13,11,35,"Yes","Yes",6,2,10,12
"279",490,49,82,18,7,8,31,"No","Yes",2,NA,12,9
"280",1000,40,112,14,15,4,35,"Yes","Yes",4,1,12,10
"281",865,40,111,16,11,4,31,"Yes","Yes",4,5,8,5
"282",1375,40,96,13,3,3,30,"Yes","Yes",3,1,11,8
"283",1586,40,127,16,16,12,37,"Yes","Yes",4,4,16,16
"284",1602,65,97,15,14,14,37,"Yes","Yes",1,1,8,NA
"285",3078,65,120,14,12,13,36,"Yes","Yes",1,2,12,NA
"286",898,40,101,16,7,9,35,"No","Yes",3,4,16,14
"287",906,40,120,14,16,2,37,"Yes","Yes",5,1,12,12
"288",952,40,99,13,10,10,31,"Yes","Yes",1,1,8,10
"289",571,40,78,13,10,1,29,"No","Yes",5,5,8,9
"290",445,45,110,12,15,13,32,"No","Yes",2,2,5,11
"291",289,40,94,12,9,0,30,"Yes","Yes",2,3,5,11
"292",1444,40,120,16,12,15,37,"Yes","Yes",1,2,17,13
"293",962,55,108,12,19,21,36,"Yes","Yes",3,1,8,8
"294",1075,40,103,12,17,10,33,"Yes","Yes",13,3,11,11
"295",909,55,97,11,17,5,35,"Yes","Yes",7,3,NA,NA
"296",1250,40,106,12,14,19,35,"Yes","Yes",4,1,11,13
"297",620,40,99,11,10,5,29,"Yes","Yes",11,5,NA,NA
"298",1016,40,72,10,14,15,37,"Yes","Yes",8,9,11,NA
"299",800,40,88,10,21,14,37,"Yes","Yes",8,1,11,8
"300",1050,40,119,16,7,18,37,"No","Yes",2,2,12,13
"301",1079,50,87,12,18,9,36,"Yes","Yes",5,5,8,NA
"302",654,50,121,17,12,13,34,"Yes","Yes",1,2,11,12
"303",781,50,112,12,8,10,30,"Yes","Yes",2,2,12,8
"304",1038,48,103,15,8,2,36,"Yes","No",2,1,12,15
"305",1924,50,99,16,16,14,37,"Yes","Yes",0,1,16,18
"306",1202,40,101,15,15,17,37,"Yes","Yes",3,2,12,12
"307",666,70,117,15,8,2,32,"Yes","Yes",0,1,NA,NA
"308",905,45,109,14,11,14,36,"Yes","Yes",3,4,8,8
"309",890,70,73,12,6,8,31,"Yes","Yes",3,1,12,12
"310",817,40,116,16,10,7,31,"Yes","No",1,2,16,16
"311",812,40,98,12,10,2,29,"No","Yes",3,2,12,12
"312",577,60,104,14,6,2,30,"Yes","Yes",2,3,14,12
"313",756,40,78,14,9,2,31,"Yes","Yes",2,2,12,12
"314",1011,40,104,12,20,7,37,"Yes","Yes",0,1,NA,NA
"315",1155,45,85,12,14,1,34,"Yes","Yes",2,1,12,12
"316",1025,40,104,12,12,7,29,"Yes","Yes",3,4,12,10
"317",1350,40,107,12,17,12,35,"Yes","No",2,3,NA,NA
"318",1001,40,109,12,20,22,37,"Yes","Yes",1,1,8,10
"319",796,48,119,13,16,15,37,"Yes","Yes",7,1,11,NA
"320",1230,50,96,13,11,12,30,"Yes","Yes",3,2,10,11
"321",754,40,93,12,13,1,30,"Yes","Yes",5,NA,NA,NA
"322",714,40,90,12,17,1,37,"Yes","No",5,3,12,12
"323",1000,45,103,15,8,3,32,"Yes","Yes",3,4,12,NA
"324",2067,40,106,16,12,13,33,"Yes","Yes",2,1,14,12
"325",912,40,96,16,11,5,30,"Yes","Yes",2,2,14,12
"326",600,40,114,12,8,5,30,"Yes","Yes",6,3,8,8
"327",951,40,86,11,13,1,31,"Yes","Yes",3,4,9,NA
"328",711,45,110,16,8,5,32,"Yes","Yes",3,2,13,12
"329",1151,48,87,12,18,9,38,"Yes","Yes",2,1,12,12
"330",1000,40,89,12,9,5,28,"Yes","Yes",2,3,13,12
"331",841,44,106,12,15,10,31,"Yes","Yes",5,6,8,NA
"332",400,70,100,12,12,3,32,"Yes","Yes",3,2,5,8
"333",1175,45,111,12,17,14,34,"Yes","Yes",0,1,16,4
"334",1202,40,100,12,18,2,37,"Yes","Yes",0,1,12,12
"335",1442,40,114,12,16,17,33,"Yes","Yes",2,3,12,10
"336",538,55,98,18,5,1,34,"Yes","Yes",2,2,13,NA
"337",781,40,89,11,13,10,30,"Yes","Yes",3,1,9,8
"338",750,60,74,10,13,9,30,"Yes","Yes",4,2,11,9
"339",841,48,110,18,13,1,37,"No","Yes",1,1,12,12
"340",700,50,130,13,14,1,38,"Yes","Yes",1,2,11,14
"341",1346,50,108,16,9,4,36,"Yes","Yes",1,2,12,10
"342",800,45,98,12,16,12,33,"Yes","No",3,4,10,8
"343",1250,40,125,16,9,10,30,"Yes","Yes",3,1,16,NA
"344",1105,40,104,16,5,8,29,"Yes","Yes",3,1,12,12
"345",475,52,98,14,12,1,30,"No","Yes",6,1,8,10
"346",762,58,104,15,6,4,33,"Yes","No",2,1,11,12
"347",962,40,120,12,18,19,36,"Yes","Yes",3,NA,8,8
"348",721,40,134,13,9,9,30,"No","Yes",3,3,8,8
"349",800,50,92,9,18,13,34,"Yes","Yes",0,1,8,8
"350",658,40,129,16,11,9,30,"Yes","Yes",2,1,13,16
"351",1270,40,118,14,4,16,36,"Yes","Yes",2,1,12,12
"352",1313,40,107,12,11,7,28,"Yes","No",1,NA,12,NA
"353",824,42,92,12,19,15,38,"Yes","Yes",1,1,12,11
"354",1442,40,118,16,6,7,29,"Yes","Yes",2,1,16,12
"355",1400,42,108,17,7,3,31,"Yes","Yes",2,1,12,14
"356",1038,50,119,12,20,5,36,"Yes","No",3,3,12,8
"357",668,43,109,12,11,12,29,"Yes","No",2,3,8,7
"358",1100,40,91,12,18,10,36,"Yes","No",2,3,8,8
"359",1000,45,118,14,9,7,30,"Yes","Yes",3,1,12,10
"360",523,43,119,13,9,2,30,"Yes","No",4,1,14,NA
"361",1111,40,103,14,13,13,31,"Yes","No",6,3,14,12
"362",962,40,120,16,6,4,28,"Yes","No",4,3,12,8
"363",729,47,122,18,6,13,34,"Yes","Yes",3,3,8,6
"364",690,40,119,12,9,5,28,"Yes","Yes",1,2,8,NA
"365",1010,50,104,11,15,7,38,"Yes","No",6,1,9,6
"366",600,40,96,11,7,2,29,"Yes","Yes",4,3,8,8
"367",596,40,83,12,16,17,34,"Yes","No",3,3,8,8
"368",850,44,115,12,11,1,29,"Yes","Yes",3,2,NA,NA
"369",670,40,88,12,9,2,29,"Yes","Yes",7,3,10,8
"370",793,40,96,12,17,18,36,"Yes","No",4,5,8,8
"371",1442,40,123,17,14,7,38,"Yes","No",2,3,12,6
"372",670,50,108,12,14,8,34,"Yes","Yes",5,1,11,7
"373",876,45,116,16,10,8,29,"Yes","Yes",2,1,12,12
"374",841,40,109,18,13,2,36,"Yes","No",3,4,16,12
"375",975,40,97,13,8,0,31,"Yes","Yes",3,1,12,12
"376",1223,40,107,12,7,3,28,"Yes","No",1,1,12,10
"377",910,30,95,12,16,5,35,"Yes","Yes",2,3,12,14
"378",533,45,109,15,8,2,30,"Yes","Yes",2,2,15,12
"379",750,40,104,12,15,11,33,"Yes","No",0,1,12,12
"380",1206,40,110,12,16,4,38,"Yes","Yes",1,1,12,12
"381",745,40,94,13,17,1,36,"No","No",2,3,13,8
"382",900,40,103,12,15,1,37,"Yes","No",3,3,8,6
"383",1170,47,123,14,9,14,32,"Yes","Yes",3,4,8,12
"384",540,50,113,12,12,3,31,"Yes","No",5,4,6,12
"385",550,40,110,16,15,1,38,"Yes","No",2,1,NA,NA
"386",615,40,100,14,9,4,30,"Yes","No",3,3,12,12
"387",909,40,95,13,6,2,31,"Yes","Yes",2,1,12,12
"388",769,40,100,12,18,12,36,"Yes","No",1,2,8,8
"389",984,40,108,13,17,18,37,"Yes","Yes",4,1,15,8
"390",833,60,101,12,15,12,37,"Yes","Yes",5,2,12,NA
"391",879,70,90,12,17,10,35,"No","Yes",1,2,12,16
"392",1027,45,115,12,16,7,35,"Yes","Yes",4,3,8,5
"393",1000,55,114,16,10,1,33,"Yes","No",0,1,NA,NA
"394",465,43,84,13,10,1,29,"Yes","Yes",3,3,11,11
"395",1100,40,92,13,21,12,38,"Yes","Yes",6,6,12,NA
"396",641,45,125,14,9,0,37,"Yes","Yes",1,1,12,11
"397",1035,48,107,12,21,14,38,"Yes","Yes",1,2,11,8
"398",1212,40,129,14,9,3,32,"No","Yes",6,7,8,9
"399",950,40,98,12,11,6,30,"Yes","Yes",3,4,12,12
"400",938,44,108,12,19,20,38,"Yes","Yes",0,1,8,NA
"401",1250,40,114,16,8,8,30,"Yes","Yes",5,3,2,8
"402",586,60,111,18,6,10,34,"Yes","No",3,1,12,11
"403",693,53,101,12,7,6,28,"Yes","No",1,2,12,12
"404",562,40,99,12,18,12,34,"No","No",1,1,12,12
"405",375,60,75,12,12,5,30,"No","No",4,1,12,8
"406",673,40,91,12,7,11,38,"Yes","No",0,1,6,NA
"407",654,50,113,17,1,13,33,"Yes","No",1,1,12,10
"408",692,50,120,12,17,7,35,"Yes","No",3,4,8,NA
"409",1111,40,98,14,10,1,29,"Yes","Yes",3,1,12,15
"410",1368,45,107,16,11,1,33,"Yes","Yes",2,2,16,16
"411",1282,45,121,18,7,13,32,"Yes","Yes",2,2,12,12
"412",1250,60,115,11,19,4,38,"Yes","Yes",1,2,NA,NA
"413",1346,40,134,15,15,7,35,"Yes","Yes",2,1,12,10
"414",1424,50,96,17,15,12,37,"Yes","Yes",2,3,NA,NA
"415",854,48,120,16,8,5,29,"No","Yes",2,3,12,16
"416",888,50,105,15,9,5,32,"No","Yes",2,2,12,10
"417",1161,50,121,12,5,10,34,"Yes","Yes",5,6,10,NA
"418",583,58,113,16,9,0,30,"Yes","Yes",2,2,12,9
"419",1260,45,106,12,5,3,29,"Yes","Yes",2,1,12,13
"420",947,48,104,18,8,13,35,"Yes","No",3,2,9,12
"421",1850,40,80,11,14,15,33,"Yes","Yes",3,NA,10,10
"422",1575,40,117,12,13,2,30,"Yes","Yes",3,3,10,10
"423",758,38,126,16,10,8,28,"No","Yes",2,2,12,12
"424",1442,40,112,12,19,15,36,"Yes","Yes",3,2,10,8
"425",489,55,104,13,20,4,38,"Yes","Yes",2,2,NA,NA
"426",1126,40,116,12,5,0,31,"Yes","Yes",9,5,9,10
"427",1000,40,70,12,12,5,32,"No","Yes",6,NA,8,8
"428",500,70,83,12,13,11,32,"Yes","Yes",5,1,6,6
"429",1200,50,84,12,13,9,32,"Yes","Yes",5,2,6,6
"430",565,45,82,10,15,3,33,"Yes","No",4,4,NA,NA
"431",1920,40,109,12,13,2,31,"Yes","No",0,1,12,8
"432",684,45,111,14,7,7,29,"Yes","Yes",4,1,12,12
"433",774,40,94,12,20,4,37,"Yes","No",1,1,12,7
"434",233,60,96,16,7,4,30,"Yes","No",3,NA,12,8
"435",975,40,101,13,12,10,30,"Yes","No",3,3,12,13
"436",1366,40,90,12,13,1,30,"Yes","Yes",3,3,12,12
"437",2137,40,120,16,16,3,37,"Yes","Yes",3,3,12,12
"438",700,40,120,16,10,1,29,"Yes","Yes",1,1,12,12
"439",1200,40,108,12,16,11,33,"Yes","Yes",3,2,8,NA
"440",1161,40,99,13,16,18,36,"Yes","Yes",0,1,12,8
"441",729,60,80,11,16,15,34,"Yes","Yes",6,1,12,6
"442",750,45,93,11,17,2,36,"Yes","Yes",1,2,10,5
"443",1026,45,85,12,4,16,38,"Yes","Yes",1,2,NA,NA
"444",1111,45,118,15,11,3,32,"Yes","Yes",3,1,11,10
"445",625,50,115,12,12,8,31,"Yes","Yes",2,3,12,NA
"446",1200,42,119,16,11,5,30,"Yes","Yes",5,1,10,11
"447",1541,40,94,12,8,1,32,"Yes","Yes",8,3,12,11
"448",1154,40,109,16,12,9,34,"Yes","Yes",0,1,13,16
"449",310,40,104,13,10,0,33,"No","No",2,1,14,8
"450",610,50,89,12,14,4,30,"Yes","No",1,2,7,6
"451",1749,43,101,12,16,17,36,"Yes","No",2,2,12,8
"452",1000,40,96,16,9,1,31,"No","Yes",4,2,12,7
"453",350,40,109,12,14,1,36,"Yes","No",1,1,9,7
"454",765,45,94,12,17,18,37,"Yes","No",10,6,4,6
"455",790,40,115,12,15,2,34,"Yes","No",6,5,6,5
"456",818,47,92,12,16,17,38,"Yes","No",12,1,8,4
"457",477,60,71,9,12,1,30,"Yes","No",4,2,11,5
"458",938,50,130,14,15,1,33,"Yes","No",3,1,12,11
"459",2099,55,119,16,10,4,32,"Yes","Yes",0,1,12,12
"460",350,40,74,12,14,3,32,"Yes","Yes",4,2,10,13
"461",940,48,104,12,13,0,32,"Yes","Yes",7,2,12,8
"462",1202,40,124,15,11,8,28,"Yes","Yes",2,2,10,NA
"463",450,40,94,15,9,4,31,"Yes","No",1,1,12,NA
"464",1058,40,120,16,16,13,37,"Yes","No",5,4,12,4
"465",1000,40,96,11,15,15,37,"Yes","Yes",5,5,8,9
"466",318,40,67,12,16,5,36,"Yes","Yes",6,NA,7,5
"467",556,40,69,11,13,9,34,"No","Yes",3,NA,8,8
"468",958,60,98,12,11,9,28,"Yes","Yes",0,1,12,11
"469",995,40,92,9,22,13,38,"Yes","Yes",7,3,7,4
"470",1600,50,109,14,16,5,33,"Yes","No",2,NA,9,10
"471",606,45,100,18,6,5,30,"No","No",1,NA,12,12
"472",511,45,101,12,13,1,30,"Yes","Yes",4,2,11,12
"473",1411,45,111,16,11,12,32,"Yes","Yes",1,1,12,9
"474",1346,40,106,16,15,11,37,"Yes","Yes",1,1,8,14
"475",1522,46,102,12,15,16,37,"Yes","No",3,2,12,10
"476",1075,40,115,14,9,10,30,"Yes","No",2,1,12,10
"477",1200,50,99,12,11,11,28,"Yes","Yes",5,4,10,8
"478",1377,37,118,16,15,1,36,"Yes","Yes",2,2,11,10
"479",874,55,132,13,8,2,33,"Yes","No",2,1,13,16
"480",625,40,108,13,11,9,30,"Yes","Yes",3,NA,12,16
"481",1250,32,98,12,17,2,33,"Yes","Yes",0,1,14,10
"482",1082,40,111,13,20,12,36,"Yes","Yes",4,2,8,11
"483",693,40,79,11,18,3,38,"Yes","No",3,2,8,8
"484",727,55,97,12,11,11,31,"Yes","No",3,1,12,11
"485",615,50,99,15,16,15,38,"Yes","No",2,3,12,14
"486",913,40,101,16,5,7,31,"Yes","Yes",2,3,12,NA
"487",884,46,120,17,4,10,36,"Yes","No",2,1,12,18
"488",698,43,97,12,10,4,29,"Yes","Yes",2,3,8,8
"489",800,55,106,12,17,18,36,"Yes","No",3,3,8,12
"490",812,40,131,16,9,3,30,"No","No",1,1,12,12
"491",1000,40,93,11,16,14,34,"Yes","Yes",1,NA,12,8
"492",549,49,79,12,11,3,32,"No","No",4,2,8,8
"493",1300,35,100,12,13,15,31,"Yes","Yes",4,2,11,NA
"494",923,50,107,16,9,8,33,"Yes","Yes",6,4,9,8
"495",1539,40,112,12,15,15,32,"Yes","No",3,1,NA,10
"496",721,40,105,12,11,9,30,"Yes","No",3,2,12,10
"497",815,40,114,12,15,14,31,"Yes","No",2,1,12,10
"498",600,80,116,12,20,2,38,"Yes","No",10,10,8,NA
"499",1100,40,104,12,18,7,37,"Yes","Yes",2,3,11,13
"500",1058,40,85,12,18,19,35,"Yes","Yes",2,1,9,12
"501",962,40,93,12,15,1,30,"Yes","Yes",2,2,9,12
"502",433,50,100,12,5,9,37,"Yes","No",2,2,8,7
"503",940,40,71,11,9,2,29,"Yes","No",2,3,NA,NA
"504",1417,38,88,16,9,10,32,"No","Yes",2,1,12,12
"505",1000,65,93,12,11,9,29,"Yes","Yes",7,1,12,8
"506",500,40,98,13,14,5,32,"Yes","No",3,4,12,8
"507",800,50,110,14,8,5,28,"Yes","Yes",3,4,12,10
"508",766,40,109,12,17,18,35,"Yes","No",4,3,NA,6
"509",750,43,94,14,12,10,33,"Yes","No",1,1,11,12
"510",550,40,77,12,15,2,37,"Yes","No",6,3,8,8
"511",795,52,89,11,16,4,34,"Yes","Yes",6,1,NA,NA
"512",723,40,102,12,12,10,30,"Yes","Yes",10,6,12,6
"513",1039,40,113,14,12,8,34,"Yes","Yes",1,2,16,14
"514",200,55,103,10,11,15,32,"Yes","Yes",3,2,12,5
"515",400,40,90,10,12,1,32,"Yes","Yes",5,3,8,NA
"516",575,40,96,11,17,1,35,"Yes","Yes",2,1,12,7
"517",850,40,97,11,16,5,37,"Yes","Yes",1,1,12,6
"518",508,50,87,12,16,1,32,"Yes","Yes",2,1,10,NA
"519",1162,45,89,12,11,4,37,"Yes","Yes",3,3,15,NA
"520",1199,43,70,13,13,5,30,"Yes","Yes",3,1,8,NA
"521",1270,40,104,16,8,4,31,"Yes","Yes",3,4,16,17
"522",350,45,116,16,5,3,33,"Yes","Yes",2,2,11,12
"523",963,40,85,14,9,9,28,"Yes","Yes",5,1,7,NA
"524",1463,45,104,15,14,11,37,"Yes","Yes",3,4,12,12
"525",802,40,99,12,13,12,29,"Yes","Yes",8,6,9,12
"526",642,45,93,12,12,7,30,"Yes","Yes",1,2,6,6
"527",751,40,114,13,9,2,28,"Yes","Yes",2,2,12,10
"528",488,40,103,17,5,3,31,"Yes","Yes",1,NA,12,16
"529",1400,40,92,12,15,5,36,"Yes","Yes",2,1,6,2
"530",940,45,98,18,10,7,31,"Yes","Yes",2,2,8,12
"531",866,40,114,13,15,16,37,"Yes","Yes",3,1,12,NA
"532",675,40,77,12,20,4,38,"Yes","Yes",5,2,12,6
"533",375,40,89,14,9,3,30,"Yes","Yes",3,1,13,NA
"534",325,40,93,14,10,1,33,"Yes","Yes",1,NA,16,NA
"535",346,40,110,12,16,17,38,"Yes","Yes",2,NA,12,5
"536",1442,40,132,17,8,1,33,"Yes","Yes",3,1,8,12
"537",560,49,112,16,13,2,32,"Yes","No",3,1,8,2
"538",550,56,99,12,17,11,36,"Yes","Yes",1,2,12,12
"539",950,44,96,16,8,10,32,"Yes","Yes",1,2,10,NA
"540",684,45,106,13,16,2,38,"Yes","Yes",1,1,12,14
"541",1322,40,128,16,7,1,33,"Yes","Yes",0,1,18,NA
"542",1634,40,95,12,18,3,38,"Yes","Yes",3,3,NA,3
"543",417,40,80,12,8,0,30,"No","Yes",3,4,8,7
"544",472,45,71,11,9,0,32,"Yes","Yes",13,6,6,6
"545",666,50,89,12,16,1,34,"Yes","Yes",6,1,9,NA
"546",1679,55,127,18,10,3,32,"Yes","Yes",1,2,12,16
"547",1039,40,114,16,1,9,31,"No","Yes",6,5,8,8
"548",1250,40,102,13,13,11,30,"Yes","Yes",5,6,7,NA
"549",760,40,88,12,12,15,31,"Yes","Yes",2,1,12,7
"550",1154,42,88,12,14,12,29,"Yes","Yes",2,2,12,7
"551",1602,60,110,15,14,1,37,"Yes","Yes",5,1,14,12
"552",1442,40,110,13,13,13,29,"Yes","Yes",1,2,7,9
"553",865,40,130,16,5,3,30,"Yes","Yes",4,2,8,12
"554",705,50,100,12,15,12,36,"Yes","Yes",1,2,NA,NA
"555",1000,40,101,12,16,1,35,"Yes","Yes",1,1,12,NA
"556",852,44,89,10,13,9,32,"Yes","Yes",6,7,9,NA
"557",770,40,80,12,16,14,35,"Yes","Yes",1,2,12,12
"558",1000,40,72,12,16,9,34,"Yes","Yes",3,4,12,12
"559",1329,55,115,18,10,5,36,"Yes","Yes",1,1,12,12
"560",1682,40,115,16,10,4,37,"Yes","Yes",1,2,12,17
"561",577,55,108,16,4,0,31,"Yes","Yes",2,2,8,8
"562",685,40,93,12,17,7,38,"No","Yes",6,6,8,3
"563",577,40,111,16,8,8,29,"No","Yes",1,1,18,18
"564",1040,40,101,12,19,9,38,"Yes","Yes",6,1,11,12
"565",1250,40,92,16,10,11,32,"No","Yes",1,1,12,10
"566",600,40,115,13,7,7,28,"No","Yes",4,5,5,NA
"567",480,40,76,12,17,3,35,"No","Yes",8,5,11,10
"568",1000,40,93,11,11,0,29,"Yes","Yes",5,3,12,12
"569",988,48,91,12,15,15,36,"Yes","Yes",1,2,8,8
"570",478,45,90,10,19,10,34,"Yes","Yes",2,1,9,9
"571",440,40,84,12,11,2,30,"Yes","Yes",5,3,9,4
"572",485,40,120,12,11,1,30,"Yes","Yes",6,6,NA,NA
"573",705,40,89,9,19,0,36,"Yes","Yes",0,1,NA,NA
"574",1550,40,104,12,16,1,34,"Yes","No",8,4,9,10
"575",960,40,107,12,11,9,29,"Yes","Yes",11,2,6,9
"576",1000,40,100,12,16,14,32,"Yes","Yes",2,3,12,12
"577",625,40,129,18,4,5,36,"Yes","No",3,1,15,15
"578",1346,40,112,16,14,14,35,"Yes","Yes",0,1,12,16
"579",961,40,76,12,13,13,31,"No","Yes",13,5,NA,8
"580",479,40,97,12,15,1,38,"Yes","No",3,4,NA,NA
"581",1201,50,98,11,17,16,36,"Yes","No",4,5,11,2
"582",1346,45,60,16,8,2,31,"Yes","Yes",2,3,NA,NA
"583",1122,35,132,18,13,8,32,"Yes","Yes",2,3,12,7
"584",543,45,90,14,5,7,38,"Yes","Yes",1,2,6,NA
"585",450,40,63,11,12,4,31,"Yes","Yes",7,2,7,NA
"586",507,55,110,14,10,4,32,"Yes","Yes",2,2,13,16
"587",547,60,88,11,17,5,34,"Yes","Yes",4,5,NA,NA
"588",586,56,98,11,18,16,35,"Yes","Yes",2,2,NA,6
"589",462,55,61,12,6,4,29,"Yes","No",9,NA,8,3
"590",705,40,76,12,13,8,37,"Yes","Yes",5,NA,NA,NA
"591",1566,40,127,12,7,1,29,"Yes","Yes",3,2,11,NA
"592",1634,40,94,13,18,18,36,"Yes","Yes",2,2,8,8
"593",1282,45,97,16,4,1,32,"Yes","Yes",11,3,16,16
"594",556,40,127,16,6,2,31,"Yes","Yes",2,1,12,12
"595",1200,40,109,15,7,8,33,"Yes","Yes",2,1,11,12
"596",855,45,89,12,6,6,31,"Yes","No",4,3,3,3
"597",1053,40,90,12,18,7,37,"Yes","No",1,1,11,11
"598",1000,48,105,12,11,4,28,"Yes","No",0,1,12,7
"599",900,55,100,12,18,5,34,"No","Yes",2,2,8,NA
"600",1602,45,111,16,10,10,31,"Yes","No",1,NA,16,12
"601",508,50,125,17,9,2,31,"Yes","Yes",3,1,16,13
"602",1500,60,124,16,6,6,29,"Yes","No",2,NA,12,10
"603",1682,50,107,14,15,9,32,"Yes","Yes",0,1,12,12
"604",750,40,110,13,13,1,35,"Yes","Yes",2,NA,12,16
"605",843,40,102,14,8,7,29,"Yes","No",1,1,16,16
"606",409,40,93,12,17,18,38,"No","No",0,1,NA,NA
"607",1004,40,81,12,17,15,34,"Yes","No",1,1,12,NA
"608",650,40,99,12,13,10,30,"Yes","No",1,2,12,10
"609",808,40,93,12,17,9,37,"Yes","No",4,1,NA,NA
"610",2137,45,102,13,8,2,30,"Yes","No",0,1,12,12
"611",761,48,95,12,14,21,38,"Yes","Yes",1,1,12,5
"612",769,40,98,16,8,3,35,"No","Yes",0,1,11,8
"613",345,40,84,12,7,8,31,"Yes","Yes",2,2,NA,NA
"614",495,40,88,12,6,10,31,"Yes","Yes",2,1,NA,7
"615",987,38,109,16,9,3,31,"Yes","Yes",3,4,4,NA
"616",2500,60,82,12,21,1,38,"Yes","No",3,3,8,5
"617",1098,45,105,14,6,1,32,"No","Yes",1,2,12,NA
"618",1212,40,95,12,6,16,38,"Yes","No",3,1,12,8
"619",577,40,92,15,8,1,28,"Yes","Yes",1,2,10,7
"620",390,59,74,15,10,3,30,"Yes","Yes",3,3,7,6
"621",1500,40,123,16,9,12,32,"Yes","Yes",1,1,12,14
"622",583,80,86,12,9,1,30,"Yes","Yes",2,2,12,12
"623",460,40,92,11,16,1,36,"Yes","Yes",5,6,NA,NA
"624",945,40,87,12,12,13,38,"Yes","Yes",2,2,8,NA
"625",1442,60,117,16,9,3,31,"Yes","Yes",1,2,12,10
"626",1333,45,112,16,14,8,38,"Yes","Yes",1,2,12,4
"627",1500,37,119,15,8,5,33,"No","Yes",1,1,12,18
"628",1333,45,103,16,7,1,34,"Yes","Yes",3,1,NA,NA
"629",700,40,74,12,16,4,36,"Yes","Yes",3,NA,9,NA
"630",973,36,81,13,11,5,32,"Yes","Yes",0,1,6,9
"631",2162,40,124,18,10,8,32,"Yes","Yes",1,1,10,10
"632",797,41,89,12,10,7,36,"Yes","No",1,2,7,8
"633",400,40,88,12,14,1,32,"Yes","Yes",7,7,7,6
"634",1015,40,67,12,15,11,32,"Yes","Yes",3,2,9,5
"635",1744,43,106,16,8,9,29,"Yes","Yes",1,1,12,16
"636",630,40,103,15,14,2,32,"Yes","No",0,1,11,5
"637",445,40,91,12,11,4,32,"Yes","No",0,1,6,8
"638",660,42,101,16,12,9,31,"Yes","Yes",0,1,12,12
"639",779,40,85,12,14,7,37,"Yes","Yes",7,4,12,NA
"640",377,40,83,12,9,1,36,"No","Yes",1,1,12,12
"641",560,44,70,12,16,11,35,"Yes","Yes",2,1,8,NA
"642",1122,60,102,17,7,13,32,"Yes","Yes",2,2,12,11
"643",453,50,94,12,9,2,30,"Yes","No",6,4,7,7
"644",1386,40,97,10,17,9,37,"Yes","Yes",1,2,12,8
"645",1539,40,115,17,7,9,31,"Yes","Yes",2,1,12,16
"646",1154,40,117,16,11,12,35,"Yes","Yes",5,5,17,18
"647",962,50,105,14,15,2,37,"Yes","Yes",3,4,8,4
"648",722,55,113,16,8,1,38,"No","Yes",1,2,8,NA
"649",480,40,83,12,9,3,37,"Yes","Yes",4,3,10,11
"650",808,50,101,18,8,9,38,"Yes","No",3,2,17,12
"651",1442,40,113,13,14,8,36,"Yes","Yes",2,1,12,12
"652",1091,50,88,13,13,4,37,"Yes","Yes",4,1,12,NA
"653",350,40,93,12,16,0,33,"No","Yes",1,1,12,NA
"654",500,40,83,12,18,11,36,"Yes","Yes",0,1,7,NA
"655",1026,45,113,16,9,13,30,"Yes","Yes",2,2,16,14
"656",577,40,106,17,11,7,33,"No","Yes",3,2,13,16
"657",1333,60,106,15,5,1,30,"Yes","Yes",2,2,12,12
"658",915,55,114,12,17,9,37,"Yes","Yes",1,NA,10,NA
"659",1105,40,119,16,9,10,30,"No","Yes",5,1,11,10
"660",910,40,82,14,5,5,30,"Yes","Yes",10,NA,9,3
"661",1000,40,89,12,17,8,38,"Yes","Yes",7,7,1,4
"662",1160,40,74,12,14,1,33,"Yes","Yes",9,6,3,4
"663",1001,34,77,12,12,3,29,"Yes","Yes",9,8,3,4
"664",713,40,75,12,5,12,36,"Yes","Yes",7,4,NA,NA
"665",929,40,97,13,12,5,30,"Yes","Yes",2,1,12,12
"666",400,50,68,12,4,9,31,"Yes","Yes",6,1,6,2
"667",1241,40,83,13,9,10,33,"Yes","Yes",2,3,12,12
"668",1065,40,97,12,21,10,36,"Yes","Yes",1,1,12,NA
"669",403,45,98,12,5,3,30,"Yes","Yes",2,NA,12,12
"670",940,45,102,13,15,12,30,"Yes","Yes",2,2,NA,NA
"671",812,40,81,10,17,13,34,"Yes","Yes",2,2,8,3
"672",700,20,85,10,13,0,35,"Yes","Yes",3,NA,6,10
"673",575,40,86,10,12,6,33,"Yes","Yes",8,NA,NA,NA
"674",450,40,79,10,20,5,36,"Yes","Yes",7,6,12,12
"675",621,43,84,12,14,10,31,"Yes","No",4,3,8,6
"676",441,38,74,12,12,11,30,"Yes","No",4,4,8,6
"677",625,40,92,16,6,9,33,"Yes","No",11,1,NA,NA
"678",726,45,93,12,16,5,36,"Yes","No",5,2,6,NA
"679",500,40,69,9,21,13,38,"Yes","Yes",8,6,6,NA
"680",1000,44,113,17,8,2,34,"Yes","Yes",4,1,17,18
"681",393,48,92,12,15,16,38,"Yes","Yes",1,1,8,7
"682",600,40,127,12,8,3,28,"No","No",2,2,9,12
"683",962,50,109,12,21,12,37,"Yes","No",0,1,6,NA
"684",962,40,97,12,15,4,34,"Yes","No",5,1,10,8
"685",865,40,66,11,10,7,30,"Yes","Yes",14,4,0,10
"686",1154,50,109,16,10,3,35,"Yes","Yes",2,1,16,14
"687",1386,42,109,16,10,11,34,"Yes","No",1,1,4,14
"688",732,40,104,12,10,7,36,"Yes","Yes",1,2,NA,NA
"689",865,40,85,13,4,9,34,"Yes","Yes",3,3,8,8
"690",700,40,81,12,13,13,31,"Yes","No",5,6,8,4
"691",975,40,87,9,20,10,37,"Yes","No",3,NA,5,4
"692",1300,40,78,13,12,3,33,"Yes","Yes",2,3,12,12
"693",900,40,54,14,12,3,31,"Yes","Yes",2,1,12,12
"694",829,40,98,12,15,15,36,"Yes","Yes",4,5,8,8
"695",1000,40,98,12,17,13,36,"Yes","Yes",3,NA,12,NA
"696",827,40,105,16,7,8,30,"Yes","Yes",2,1,16,12
"697",500,44,87,13,5,2,31,"Yes","Yes",7,NA,12,NA
"698",1155,40,117,13,9,1,28,"Yes","Yes",3,2,12,12
"699",950,55,85,15,8,3,29,"No","Yes",2,NA,12,12
"700",700,40,82,13,10,4,30,"Yes","Yes",4,5,8,NA
"701",1710,45,114,18,7,6,32,"Yes","Yes",1,1,12,NA
"702",533,30,65,12,5,1,32,"No","Yes",5,1,11,12
"703",2004,48,105,18,10,0,34,"Yes","Yes",2,1,12,12
"704",890,60,92,14,9,8,32,"Yes","Yes",1,2,7,7
"705",3078,30,107,13,11,4,29,"Yes","Yes",2,2,12,12
"706",1539,40,111,17,10,13,37,"Yes","Yes",3,2,12,16
"707",508,40,73,12,1,1,31,"Yes","Yes",1,NA,NA,NA
"708",1354,40,119,17,13,9,35,"No","No",2,1,16,16
"709",1143,35,97,12,21,8,38,"Yes","Yes",5,1,12,12
"710",962,40,110,12,16,8,33,"Yes","Yes",2,1,10,10
"711",1250,44,96,12,19,20,38,"Yes","Yes",2,1,12,12
"712",990,40,67,12,16,3,34,"Yes","Yes",2,1,8,8
"713",905,40,102,12,17,4,37,"Yes","No",5,5,12,12
"714",926,55,64,12,18,0,38,"Yes","Yes",4,5,0,2
"715",1559,40,103,12,17,10,34,"Yes","Yes",3,4,8,8
"716",1312,40,118,10,14,4,32,"Yes","Yes",0,1,12,8
"717",923,40,118,14,8,16,35,"Yes","Yes",5,1,7,NA
"718",879,40,118,18,1,9,31,"Yes","Yes",1,2,13,13
"719",800,25,75,13,14,1,38,"Yes","Yes",0,1,12,10
"720",1049,50,112,14,6,10,32,"Yes","No",3,3,12,10
"721",550,40,95,12,4,1,30,"No","No",3,4,12,10
"722",1190,40,119,17,4,2,34,"Yes","Yes",0,1,12,14
"723",583,48,94,14,10,6,37,"Yes","No",2,1,12,12
"724",1200,40,103,14,5,2,30,"Yes","Yes",1,1,6,7
"725",797,55,90,16,11,5,33,"Yes","Yes",5,2,14,17
"726",1371,40,128,18,8,13,36,"Yes","No",1,2,16,12
"727",360,55,110,13,11,1,38,"No","Yes",4,NA,12,8
"728",1270,40,84,12,11,12,30,"Yes","Yes",2,2,12,12
"729",1832,40,97,12,16,1,36,"Yes","Yes",1,2,8,12
"730",909,40,102,12,14,5,33,"Yes","Yes",3,3,12,7
"731",1746,40,131,18,9,10,33,"Yes","Yes",7,3,12,12
"732",520,40,126,16,8,1,30,"Yes","Yes",7,5,12,12
"733",808,40,107,16,6,7,29,"Yes","No",7,6,12,12
"734",2137,45,108,16,11,2,36,"Yes","Yes",2,3,12,NA
"735",692,50,92,15,9,3,38,"Yes","Yes",0,1,8,8
"736",931,80,108,16,4,1,36,"Yes","Yes",4,2,12,12
"737",812,45,115,16,11,3,34,"Yes","Yes",1,2,12,8
"738",866,40,111,14,16,14,35,"Yes","Yes",1,1,12,12
"739",1442,40,115,12,14,9,36,"Yes","Yes",7,5,12,12
"740",500,40,101,14,12,0,32,"Yes","No",2,2,11,6
"741",1384,50,114,18,12,2,37,"Yes","Yes",1,1,12,13
"742",528,55,116,18,5,9,30,"Yes","Yes",4,5,12,12
"743",881,40,90,12,4,14,36,"Yes","No",2,3,12,NA
"744",1026,45,125,12,11,11,28,"Yes","Yes",3,1,14,17
"745",1212,40,98,12,11,12,28,"No","Yes",4,NA,12,10
"746",1620,38,111,15,8,5,29,"Yes","No",1,2,10,NA
"747",1843,48,109,16,11,2,32,"Yes","Yes",3,2,12,NA
"748",1602,60,124,16,12,2,37,"Yes","Yes",1,2,12,12
"749",1000,40,121,13,6,1,33,"Yes","Yes",2,2,8,14
"750",737,48,103,12,7,4,30,"Yes","Yes",4,4,10,NA
"751",1699,40,96,12,10,1,29,"No","Yes",2,3,12,12
"752",1699,40,100,12,11,9,33,"Yes","Yes",1,2,12,8
"753",1025,48,104,14,6,5,32,"Yes","Yes",2,3,NA,12
"754",1107,40,112,12,12,5,38,"Yes","Yes",5,3,11,12
"755",625,40,73,11,1,1,31,"Yes","Yes",3,4,12,12
"756",720,50,101,13,1,7,29,"Yes","Yes",4,2,11,11
"757",855,40,99,12,19,10,36,"Yes","Yes",1,2,12,12
"758",1250,40,95,12,12,2,32,"Yes","Yes",2,2,12,12
"759",1130,40,109,18,4,13,38,"Yes","No",1,2,18,15
"760",900,40,110,12,6,1,28,"No","Yes",1,NA,13,13
"761",1924,50,98,17,6,7,38,"Yes","Yes",1,1,4,NA
"762",962,40,112,15,8,2,37,"Yes","Yes",2,1,12,16
"763",1874,48,64,11,22,3,38,"Yes","Yes",7,NA,NA,NA
"764",1573,55,90,12,5,3,30,"Yes","Yes",4,3,11,8
"765",940,45,102,14,11,7,36,"Yes","Yes",1,2,12,10
"766",900,40,119,16,8,9,30,"Yes","No",1,2,12,12
"767",882,44,96,12,15,13,31,"Yes","No",6,3,8,10
"768",1710,45,118,18,12,12,38,"Yes","Yes",1,1,12,12
"769",1260,45,79,12,19,15,37,"Yes","No",3,2,9,8
"770",751,40,96,12,9,7,38,"Yes","No",1,1,10,8
"771",1097,50,80,11,12,12,28,"Yes","No",5,1,12,11
"772",1001,48,137,13,11,11,33,"Yes","No",5,6,12,NA
"773",1154,40,116,15,11,12,34,"No","No",2,1,12,9
"774",1000,43,69,12,15,16,35,"Yes","Yes",4,4,12,8
"775",1250,40,78,12,16,3,33,"Yes","Yes",9,NA,6,2
"776",857,65,99,12,18,3,38,"Yes","Yes",2,1,8,8
"777",1211,27,92,12,13,3,31,"Yes","Yes",3,2,16,12
"778",937,32,113,16,12,7,29,"Yes","Yes",3,NA,16,12
"779",904,50,98,13,7,1,33,"Yes","Yes",5,NA,12,NA
"780",872,45,115,15,7,4,29,"Yes","Yes",3,1,12,18
"781",1200,40,96,9,18,0,34,"Yes","Yes",4,3,NA,8
"782",1261,40,117,17,1,9,35,"Yes","Yes",4,1,6,8
"783",950,40,96,12,14,2,35,"Yes","Yes",1,1,8,2
"784",115,50,108,12,9,3,29,"Yes","Yes",5,6,10,11
"785",673,40,92,17,6,4,31,"Yes","Yes",5,5,16,12
"786",1084,45,95,15,17,10,37,"Yes","Yes",1,2,16,16
"787",1058,40,94,14,13,14,34,"Yes","Yes",0,1,15,9
"788",800,40,115,12,20,12,38,"Yes","No",7,6,7,8
"789",369,40,117,18,11,1,31,"No","No",3,4,NA,NA
"790",1924,40,105,16,14,13,36,"Yes","No",0,1,12,NA
"791",855,40,109,12,17,15,36,"Yes","No",3,1,7,6
"792",864,40,87,12,15,6,31,"Yes","No",1,1,12,12
"793",1092,44,110,16,15,13,36,"Yes","Yes",4,4,13,13
"794",1025,40,110,16,9,4,30,"Yes","No",3,NA,10,12
"795",850,35,109,12,11,2,31,"Yes","No",2,2,17,NA
"796",673,40,85,12,17,10,35,"Yes","No",2,2,12,12
"797",800,40,105,14,12,12,37,"Yes","No",3,2,10,12
"798",1049,44,122,16,7,3,33,"Yes","No",3,3,10,12
"799",884,40,108,17,9,11,35,"Yes","Yes",3,2,14,9
"800",800,40,122,16,10,2,31,"No","Yes",3,3,12,8
"801",1200,40,79,17,9,9,32,"Yes","Yes",0,1,8,8
"802",664,40,105,12,8,10,29,"Yes","Yes",7,6,12,12
"803",1111,45,90,12,18,18,37,"Yes","Yes",6,3,NA,NA
"804",850,43,111,16,8,8,34,"Yes","Yes",4,2,NA,NA
"805",1000,40,110,12,6,12,37,"Yes","Yes",5,2,8,12
"806",875,40,92,12,8,4,29,"No","Yes",4,NA,14,14
"807",1202,40,131,16,10,2,33,"Yes","No",3,2,12,12
"808",666,40,104,12,10,2,29,"Yes","No",2,3,12,12
"809",923,40,110,16,15,11,37,"Yes","No",2,1,12,7
"810",788,40,99,12,10,10,28,"Yes","Yes",4,5,10,3
"811",950,40,86,10,23,5,38,"Yes","Yes",9,9,NA,6
"812",1442,40,105,12,9,16,37,"Yes","Yes",3,4,NA,NA
"813",866,40,85,12,11,12,30,"Yes","No",8,5,6,0
"814",625,40,72,9,17,5,34,"Yes","No",10,7,4,NA
"815",680,40,86,12,13,9,32,"No","No",6,1,6,7
"816",693,40,68,12,11,19,35,"Yes","No",5,2,12,8
"817",875,36,95,12,16,2,38,"No","No",8,9,6,NA
"818",2308,40,116,17,8,2,38,"Yes","No",6,1,12,13
"819",1196,45,96,14,10,4,32,"Yes","No",2,3,10,6
"820",700,38,85,12,13,8,32,"Yes","Yes",6,NA,2,8
"821",721,40,100,12,8,8,29,"Yes","Yes",3,2,12,4
"822",1500,40,101,13,13,2,32,"Yes","Yes",5,3,12,8
"823",1050,50,97,15,4,9,31,"Yes","Yes",2,1,16,9
"824",801,48,100,14,6,10,29,"Yes","Yes",2,1,NA,NA
"825",640,23,96,12,7,3,31,"No","Yes",5,NA,NA,NA
"826",1198,32,117,16,7,9,30,"Yes","Yes",1,2,12,12
"827",390,55,93,12,4,2,32,"Yes","Yes",1,NA,16,13
"828",889,36,116,12,12,11,28,"Yes","Yes",1,2,9,12
"829",1076,38,106,12,19,20,36,"Yes","Yes",1,1,12,9
"830",1127,40,98,12,17,12,36,"Yes","Yes",1,2,14,12
"831",750,50,103,15,1,1,37,"Yes","No",1,1,12,9
"832",855,40,118,14,6,14,33,"Yes","No",3,1,NA,12
"833",525,40,100,13,5,1,31,"Yes","No",1,1,10,12
"834",1104,54,96,12,11,4,29,"Yes","No",1,2,10,12
"835",553,40,67,12,11,10,30,"Yes","No",7,2,8,9
"836",800,43,96,12,10,1,29,"Yes","No",1,1,10,10
"837",1384,50,104,13,8,7,31,"Yes","No",3,1,13,14
"838",425,30,106,17,8,0,36,"No","No",0,1,14,12
"839",510,54,62,11,13,4,33,"No","Yes",7,6,2,10
"840",370,32,73,12,13,2,31,"Yes","No",9,2,3,4
"841",596,40,62,12,16,14,33,"Yes","No",9,8,2,8
"842",402,40,76,12,9,4,28,"Yes","Yes",4,2,NA,10
"843",418,40,76,12,12,2,31,"Yes","No",0,1,9,10
"844",1133,40,106,16,13,10,36,"Yes","No",1,1,12,NA
"845",681,40,94,12,18,15,35,"No","Yes",4,NA,9,10
"846",950,40,81,11,16,5,35,"Yes","No",3,4,10,6
"847",600,40,87,10,20,7,36,"Yes","No",0,1,5,6
"848",661,40,96,13,8,6,29,"No","No",3,2,NA,5
"849",925,40,75,12,12,9,30,"Yes","No",2,2,6,NA
"850",550,40,95,12,14,13,31,"Yes","No",0,1,5,5
"851",606,40,86,11,13,11,30,"Yes","No",4,4,3,7
"852",425,40,86,10,7,1,30,"Yes","No",4,4,3,7
"853",340,50,104,14,4,1,31,"Yes","Yes",5,3,8,18
"854",692,50,95,12,16,9,34,"Yes","Yes",2,2,7,5
"855",575,40,116,12,11,9,29,"Yes","No",1,2,8,12
"856",571,40,66,9,15,10,33,"Yes","No",5,1,8,6
"857",817,40,101,16,11,9,32,"Yes","Yes",1,2,0,5
"858",987,40,96,12,11,5,29,"Yes","No",1,2,12,12
"859",616,55,104,12,16,18,35,"Yes","Yes",4,5,9,NA
"860",1026,60,105,16,12,1,35,"Yes","Yes",3,1,14,10
"861",808,40,106,12,4,3,29,"Yes","Yes",1,2,8,7
"862",808,50,101,17,8,0,30,"Yes","Yes",1,2,15,15
"863",788,40,96,12,13,5,36,"Yes","Yes",4,1,12,12
"864",850,40,105,12,6,2,33,"Yes","Yes",1,1,12,9
"865",900,38,106,12,10,19,38,"Yes","Yes",7,NA,3,2
"866",1418,45,102,12,19,20,36,"Yes","Yes",2,3,8,8
"867",260,40,75,12,21,0,37,"Yes","No",3,3,NA,NA
"868",662,45,99,14,7,2,28,"Yes","No",6,1,5,5
"869",562,55,90,13,4,1,38,"Yes","No",1,1,12,11
"870",562,80,104,12,11,5,28,"Yes","No",1,NA,12,12
"871",357,70,115,13,5,2,30,"Yes","Yes",6,7,NA,NA
"872",1009,40,118,16,11,12,32,"Yes","No",0,1,12,10
"873",1442,40,108,12,17,17,36,"Yes","Yes",1,1,9,12
"874",651,40,76,11,11,2,29,"Yes","Yes",7,7,10,11
"875",750,40,50,12,14,5,32,"Yes","No",10,NA,3,NA
"876",754,40,55,12,13,14,33,"Yes","No",2,1,10,NA
"877",700,40,73,12,17,9,38,"Yes","No",8,3,NA,NA
"878",503,40,84,11,11,2,30,"No","Yes",3,NA,9,9
"879",937,40,104,12,14,15,32,"Yes","No",1,2,12,9
"880",624,40,92,10,18,10,36,"Yes","No",2,3,10,6
"881",750,40,83,12,4,10,32,"Yes","No",7,1,10,6
"882",900,40,98,14,1,8,30,"Yes","No",7,2,10,6
"883",540,40,70,10,12,10,29,"Yes","No",9,NA,10,7
"884",642,35,87,13,9,3,30,"Yes","No",10,10,4,10
"885",400,50,96,15,6,10,28,"No","No",5,NA,12,NA
"886",900,40,80,10,15,14,38,"Yes","No",3,3,12,10
"887",513,40,104,16,8,10,33,"Yes","No",5,2,12,10
"888",894,40,104,18,7,10,35,"Yes","No",7,8,9,8
"889",1282,60,96,18,7,5,32,"Yes","Yes",4,2,12,18
"890",485,40,89,12,10,9,30,"No","No",4,3,12,18
"891",325,55,113,12,11,5,29,"Yes","No",1,2,10,13
"892",769,45,105,12,16,5,33,"Yes","No",4,1,7,7
"893",618,40,84,14,6,8,31,"No","Yes",7,8,7,4
"894",1040,48,108,12,16,17,35,"Yes","Yes",6,7,7,3
"895",751,40,104,12,15,4,34,"Yes","Yes",4,3,8,3
"896",380,50,106,12,15,11,30,"Yes","No",2,1,7,7
"897",300,24,83,12,16,3,37,"Yes","Yes",4,1,3,NA
"898",753,46,70,10,21,7,38,"Yes","Yes",4,2,12,7
"899",1065,65,104,16,10,11,34,"Yes","Yes",2,3,11,12
"900",1070,40,91,12,13,1,30,"Yes","Yes",1,2,14,12
"901",1573,55,112,18,7,8,34,"Yes","Yes",1,1,14,18
"902",650,40,97,10,14,9,30,"Yes","No",5,1,12,9
"903",700,45,99,12,15,7,32,"Yes","No",4,2,10,10
"904",494,40,74,12,16,4,34,"Yes","No",5,NA,NA,NA
"905",890,48,100,12,4,8,31,"Yes","No",0,1,NA,NA
"906",520,40,86,10,15,12,31,"Yes","No",0,1,6,NA
"907",891,40,90,12,16,16,32,"Yes","No",5,5,12,9
"908",570,50,101,12,11,12,30,"Yes","Yes",2,3,12,NA
"909",1444,40,109,15,11,1,29,"Yes","Yes",2,1,11,9
"910",481,48,98,12,14,2,31,"No","Yes",4,3,NA,NA
"911",500,44,107,12,21,12,38,"Yes","No",2,NA,12,7
"912",1473,40,110,16,15,15,36,"Yes","No",1,2,12,14
"913",803,40,120,13,4,1,28,"Yes","Yes",3,4,10,12
"914",962,50,97,16,7,2,30,"Yes","Yes",0,1,12,12
"915",1000,44,103,12,9,5,29,"Yes","Yes",0,1,11,NA
"916",600,40,114,16,5,4,30,"Yes","Yes",2,1,12,12
"917",450,40,95,11,12,2,30,"Yes","No",2,3,8,8
"918",629,60,93,12,6,1,30,"Yes","No",8,3,10,6
"919",492,60,67,12,15,2,34,"Yes","No",3,NA,8,NA
"920",1562,40,97,17,7,2,32,"Yes","Yes",5,1,12,13
"921",357,70,97,14,6,3,28,"Yes","No",1,2,13,16
"922",960,40,83,13,14,13,32,"Yes","Yes",4,NA,10,NA
"923",566,45,104,16,5,2,32,"Yes","No",1,2,12,12
"924",481,40,82,12,9,2,32,"Yes","No",2,2,12,8
"925",1442,40,113,16,8,10,35,"Yes","Yes",2,2,8,8
"926",645,45,93,12,11,3,35,"Yes","No",7,7,7,8
"927",788,40,100,11,15,6,32,"Yes","No",5,NA,9,NA
"928",644,42,101,12,11,5,33,"Yes","No",4,3,12,NA
"929",477,45,100,12,9,3,31,"Yes","No",3,3,7,7
"930",664,60,82,16,10,9,34,"Yes","Yes",3,4,16,16
"931",520,40,79,16,6,1,30,"Yes","No",0,1,11,NA
"932",1202,40,102,13,10,3,31,"Yes","Yes",7,7,8,6
"933",538,45,77,12,12,10,28,"Yes","No",9,NA,7,NA
"934",873,44,109,12,12,12,28,"Yes","No",1,1,NA,11
"935",1000,40,107,12,17,18,35,"Yes","No",5,1,NA,NA
